"REPORT_DT","LOCATION","ORIGIN_NM","COMMODITY","disposition"
"2020-01-02","TX Brownsville CBP","Tanzania","Gerbera","CFRP Not Inspected"
"2020-01-03","HI Honolulu CBP","Japan","Hyacinthus","CFRP Not Inspected"
"2020-01-03","TX Brownsville CBP","India","Anemone","OK Inspected"
"2020-01-04","AZ Phoenix CBP","New Zealand","Gerbera","CFRP Not Inspected"
"2020-01-05","AZ Phoenix CBP","Tanzania","Anemone","OK Inspected"
"2020-01-05","AZ Phoenix CBP","Japan","Liatris","OK Inspected"
"2020-01-06","TX Brownsville CBP","Israel","Agapanthus","OK Inspected"
"2020-01-07","HI Honolulu CBP","Netherlands","Anemone","OK Inspected"
"2020-01-07","TX Brownsville CBP","Israel","Rosa","CFRP Not Inspected"
"2020-01-08","NY JFK CBP","India","Agapanthus","OK Inspected"
"2020-01-09","NY JFK CBP","Mexico","Rosa","CFRP Not Inspected"
"2020-01-09","HI Honolulu CBP","Tanzania","Liatris","OK Inspected"
"2020-01-10","TX Brownsville CBP","New Zealand","Agapanthus","OK Inspected"
"2020-01-11","NY JFK CBP","India","Gerbera","CFRP Not Inspected"
"2020-01-11","VA Dulles CBP","Israel","Liatris","OK Inspected"
"2020-01-12","WA Blaine CBP","Japan","Liatris","OK Inspected"
"2020-01-13","WA Blaine CBP","Israel","Hyacinthus","CFRP Not Inspected"
"2020-01-13","WA Blaine CBP","Japan","Liatris","OK Inspected"
"2020-01-14","WA Seattle Air CBP","Tanzania","Protea","OK Inspected"
"2020-01-15","NY JFK CBP","Mexico","Anemone","OK Inspected"
"2020-01-15","FL Miami Air CBP","Netherlands","Actinidia","OK CFRP Inspected"
"2020-01-16","AZ Phoenix CBP","Japan","Anemone","OK Inspected"
"2020-01-17","FL Miami Air CBP","Mexico","Agapanthus","OK Inspected"
"2020-01-17","WA Seattle Air CBP","Tanzania","Anemone","OK Inspected"
"2020-01-18","HI Honolulu CBP","Netherlands","Gerbera","CFRP Not Inspected"
"2020-01-19","AZ Phoenix CBP","Israel","Hyacinthus","CFRP Not Inspected"
"2020-01-19","FL Miami Air CBP","India","Protea","OK Inspected"
"2020-01-20","FL Miami Air CBP","India","Mokara","OK Inspected"
"2020-01-21","AZ Phoenix CBP","Tanzania","Mokara","OK Inspected"
"2020-01-21","VA Dulles CBP","Mexico","Aegilops","OK Inspected"
"2020-01-22","AZ Phoenix CBP","New Zealand","Rosa","OK CFRP Inspected"
"2020-01-23","NY JFK CBP","Mexico","Anemone","OK Inspected"
"2020-01-23","TX Brownsville CBP","Japan","Anemone","OK Inspected"
"2020-01-24","FL Miami Air CBP","India","Gerbera","CFRP Not Inspected"
"2020-01-25","TX Brownsville CBP","Tanzania","Mokara","OK Inspected"
"2020-01-25","AZ Phoenix CBP","Israel","Aegilops","OK Inspected"
"2020-01-26","CA San Francisco CBP","Mexico","Mokara","OK Inspected"
"2020-01-27","AZ Phoenix CBP","Mexico","Mokara","OK Inspected"
"2020-01-27","WA Blaine CBP","Mexico","Agapanthus","OK Inspected"
"2020-01-28","NY JFK CBP","India","Actinidia","CFRP Not Inspected"
"2020-01-29","TX Brownsville CBP","India","Protea","OK Inspected"
"2020-01-29","CA San Francisco CBP","Netherlands","Hyacinthus","CFRP Not Inspected"
"2020-01-30","TX Brownsville CBP","India","Aegilops","OK Inspected"
"2020-01-31","FL Miami Air CBP","Mexico","Aegilops","OK Inspected"
"2020-01-31","NY JFK CBP","Netherlands","Actinidia","OK CFRP Inspected"
"2020-02-01","TX Brownsville CBP","Netherlands","Anemone","OK Inspected"
"2020-02-02","WA Seattle Air CBP","India","Hyacinthus","CFRP Not Inspected"
"2020-02-02","FL Miami Air CBP","Israel","Hyacinthus","CFRP Not Inspected"
"2020-02-03","VA Dulles CBP","Tanzania","Actinidia","Pest Found CFRP Inspected"
"2020-02-04","AZ Phoenix CBP","Mexico","Rosa","CFRP Not Inspected"
"2020-02-04","TX Brownsville CBP","New Zealand","Mokara","OK Inspected"
"2020-02-05","VA Dulles CBP","Israel","Anemone","OK Inspected"
"2020-02-06","FL Miami Air CBP","Mexico","Hyacinthus","CFRP Not Inspected"
"2020-02-06","NY JFK CBP","Japan","Anemone","OK Inspected"
"2020-02-07","WA Blaine CBP","Mexico","Agapanthus","OK Inspected"
"2020-02-08","VA Dulles CBP","Japan","Mokara","OK Inspected"
"2020-02-08","FL Miami Air CBP","Japan","Anemone","OK Inspected"
"2020-02-09","FL Miami Air CBP","Netherlands","Rosa","CFRP Not Inspected"
"2020-02-10","TX Brownsville CBP","Mexico","Actinidia","CFRP Not Inspected"
"2020-02-10","WA Blaine CBP","India","Hyacinthus","CFRP Not Inspected"
"2020-02-11","AZ Phoenix CBP","Japan","Mokara","OK Inspected"
"2020-02-12","NY JFK CBP","New Zealand","Mokara","OK Inspected"
"2020-02-12","VA Dulles CBP","Tanzania","Aegilops","OK Inspected"
"2020-02-13","FL Miami Air CBP","Japan","Liatris","OK Inspected"
"2020-02-14","WA Blaine CBP","Tanzania","Actinidia","CFRP Not Inspected"
"2020-02-14","CA San Francisco CBP","Mexico","Hyacinthus","CFRP Not Inspected"
"2020-02-15","WA Blaine CBP","Israel","Protea","OK Inspected"
"2020-02-16","NY JFK CBP","Mexico","Anemone","OK Inspected"
"2020-02-16","FL Miami Air CBP","Israel","Actinidia","CFRP Not Inspected"
"2020-02-17","CA San Francisco CBP","Netherlands","Aegilops","OK Inspected"
"2020-02-18","HI Honolulu CBP","Japan","Mokara","OK Inspected"
"2020-02-18","NY JFK CBP","Israel","Aegilops","OK Inspected"
"2020-02-19","AZ Phoenix CBP","Tanzania","Hyacinthus","CFRP Not Inspected"
"2020-02-20","VA Dulles CBP","Netherlands","Hyacinthus","OK CFRP Inspected"
"2020-02-20","NY JFK CBP","Japan","Agapanthus","OK Inspected"
"2020-02-21","WA Blaine CBP","India","Aegilops","Pest Found"
"2020-02-22","WA Seattle Air CBP","Mexico","Agapanthus","Pest Found"
"2020-02-22","NY JFK CBP","Mexico","Mokara","OK Inspected"
"2020-02-23","CA San Francisco CBP","India","Rosa","CFRP Not Inspected"
"2020-02-24","WA Blaine CBP","New Zealand","Hyacinthus","OK CFRP Inspected"
"2020-02-24","TX Brownsville CBP","New Zealand","Actinidia","CFRP Not Inspected"
"2020-02-25","TX Brownsville CBP","India","Actinidia","CFRP Not Inspected"
"2020-02-26","HI Honolulu CBP","Netherlands","Aegilops","OK Inspected"
"2020-02-26","WA Blaine CBP","Israel","Protea","OK Inspected"
"2020-02-27","HI Honolulu CBP","New Zealand","Aegilops","OK Inspected"
"2020-02-28","WA Seattle Air CBP","Israel","Agapanthus","OK Inspected"
"2020-02-28","TX Brownsville CBP","India","Agapanthus","OK Inspected"
"2020-02-29","AZ Phoenix CBP","Israel","Actinidia","CFRP Not Inspected"
"2020-03-01","NY JFK CBP","Mexico","Actinidia","CFRP Not Inspected"
"2020-03-01","VA Dulles CBP","Mexico","Liatris","OK Inspected"
"2020-03-02","AZ Phoenix CBP","Tanzania","Agapanthus","OK Inspected"
"2020-03-03","NY JFK CBP","Mexico","Protea","OK Inspected"
"2020-03-03","CA San Francisco CBP","Mexico","Rosa","CFRP Not Inspected"
"2020-03-04","HI Honolulu CBP","Netherlands","Agapanthus","OK Inspected"
"2020-03-05","CA San Francisco CBP","India","Agapanthus","OK Inspected"
"2020-03-05","FL Miami Air CBP","Netherlands","Gerbera","OK CFRP Inspected"
"2020-03-06","AZ Phoenix CBP","Tanzania","Protea","OK Inspected"
"2020-03-07","FL Miami Air CBP","Mexico","Mokara","OK Inspected"
"2020-03-07","TX Brownsville CBP","Mexico","Agapanthus","OK Inspected"
"2020-03-08","HI Honolulu CBP","Mexico","Agapanthus","OK Inspected"
"2020-03-09","AZ Phoenix CBP","Tanzania","Aegilops","OK Inspected"
"2020-03-09","WA Blaine CBP","Israel","Aegilops","OK Inspected"
"2020-03-10","TX Brownsville CBP","Japan","Mokara","OK Inspected"
"2020-03-11","HI Honolulu CBP","Tanzania","Anemone","Pest Found"
"2020-03-11","CA San Francisco CBP","Tanzania","Gerbera","CFRP Not Inspected"
"2020-03-12","WA Seattle Air CBP","India","Agapanthus","OK Inspected"
"2020-03-13","VA Dulles CBP","Israel","Rosa","CFRP Not Inspected"
"2020-03-13","FL Miami Air CBP","Tanzania","Hyacinthus","CFRP Not Inspected"
"2020-03-14","VA Dulles CBP","Israel","Actinidia","CFRP Not Inspected"
"2020-03-15","CA San Francisco CBP","New Zealand","Gerbera","CFRP Not Inspected"
"2020-03-15","WA Blaine CBP","India","Agapanthus","OK Inspected"
"2020-03-16","HI Honolulu CBP","Japan","Anemone","OK Inspected"
"2020-03-17","TX Brownsville CBP","Tanzania","Rosa","CFRP Not Inspected"
"2020-03-17","AZ Phoenix CBP","Netherlands","Rosa","CFRP Not Inspected"
"2020-03-18","FL Miami Air CBP","Israel","Gerbera","CFRP Not Inspected"
"2020-03-19","WA Blaine CBP","Netherlands","Aegilops","OK Inspected"
"2020-03-19","TX Brownsville CBP","New Zealand","Liatris","OK Inspected"
"2020-03-20","WA Seattle Air CBP","Israel","Rosa","CFRP Not Inspected"
"2020-03-21","WA Blaine CBP","New Zealand","Gerbera","OK CFRP Inspected"
"2020-03-21","FL Miami Air CBP","Tanzania","Anemone","OK Inspected"
"2020-03-22","VA Dulles CBP","Mexico","Hyacinthus","CFRP Not Inspected"
"2020-03-23","TX Brownsville CBP","Japan","Anemone","OK Inspected"
"2020-03-23","WA Blaine CBP","Netherlands","Anemone","OK Inspected"
"2020-03-24","WA Blaine CBP","India","Liatris","OK Inspected"
"2020-03-25","NY JFK CBP","Mexico","Liatris","OK Inspected"
"2020-03-25","FL Miami Air CBP","Netherlands","Liatris","OK Inspected"
"2020-03-26","WA Seattle Air CBP","Mexico","Agapanthus","OK Inspected"
"2020-03-27","WA Blaine CBP","India","Protea","OK Inspected"
"2020-03-27","TX Brownsville CBP","Mexico","Hyacinthus","CFRP Not Inspected"
"2020-03-28","FL Miami Air CBP","Mexico","Hyacinthus","Pest Found CFRP Inspected"
"2020-03-29","WA Seattle Air CBP","Japan","Aegilops","OK Inspected"
"2020-03-29","CA San Francisco CBP","Netherlands","Protea","OK Inspected"
"2020-03-30","TX Brownsville CBP","Japan","Protea","OK Inspected"
"2020-03-31","HI Honolulu CBP","India","Mokara","OK Inspected"
"2020-03-31","FL Miami Air CBP","Israel","Rosa","CFRP Not Inspected"
"2020-04-01","VA Dulles CBP","Tanzania","Rosa","CFRP Not Inspected"
"2020-04-02","WA Blaine CBP","Netherlands","Aegilops","OK Inspected"
"2020-04-02","TX Brownsville CBP","Tanzania","Liatris","OK Inspected"
"2020-04-03","FL Miami Air CBP","Tanzania","Mokara","OK Inspected"
"2020-04-04","FL Miami Air CBP","Israel","Aegilops","Pest Found"
"2020-04-04","FL Miami Air CBP","New Zealand","Mokara","OK Inspected"
"2020-04-05","NY JFK CBP","Netherlands","Hyacinthus","CFRP Not Inspected"
"2020-04-06","CA San Francisco CBP","Netherlands","Gerbera","CFRP Not Inspected"
"2020-04-06","NY JFK CBP","New Zealand","Protea","OK Inspected"
"2020-04-07","FL Miami Air CBP","Netherlands","Hyacinthus","CFRP Not Inspected"
"2020-04-08","VA Dulles CBP","India","Gerbera","CFRP Not Inspected"
"2020-04-08","VA Dulles CBP","Netherlands","Gerbera","CFRP Not Inspected"
"2020-04-09","TX Brownsville CBP","Netherlands","Rosa","CFRP Not Inspected"
"2020-04-10","AZ Phoenix CBP","India","Gerbera","CFRP Not Inspected"
"2020-04-10","VA Dulles CBP","New Zealand","Actinidia","CFRP Not Inspected"
"2020-04-11","CA San Francisco CBP","New Zealand","Anemone","OK Inspected"
"2020-04-12","VA Dulles CBP","Tanzania","Anemone","OK Inspected"
"2020-04-12","VA Dulles CBP","Mexico","Gerbera","CFRP Not Inspected"
"2020-04-13","HI Honolulu CBP","Mexico","Aegilops","OK Inspected"
"2020-04-14","HI Honolulu CBP","Netherlands","Hyacinthus","CFRP Not Inspected"
"2020-04-14","NY JFK CBP","Japan","Mokara","OK Inspected"
"2020-04-15","VA Dulles CBP","Japan","Agapanthus","OK Inspected"
"2020-04-16","AZ Phoenix CBP","India","Aegilops","OK Inspected"
"2020-04-16","AZ Phoenix CBP","Tanzania","Anemone","OK Inspected"
"2020-04-17","FL Miami Air CBP","Japan","Mokara","OK Inspected"
"2020-04-18","HI Honolulu CBP","India","Mokara","OK Inspected"
"2020-04-18","VA Dulles CBP","Netherlands","Hyacinthus","CFRP Not Inspected"
"2020-04-19","WA Seattle Air CBP","Israel","Hyacinthus","CFRP Not Inspected"
"2020-04-20","HI Honolulu CBP","India","Liatris","OK Inspected"
"2020-04-20","FL Miami Air CBP","Israel","Protea","OK Inspected"
"2020-04-21","FL Miami Air CBP","Mexico","Mokara","OK Inspected"
"2020-04-22","WA Blaine CBP","Japan","Rosa","OK CFRP Inspected"
"2020-04-22","NY JFK CBP","Netherlands","Actinidia","CFRP Not Inspected"
"2020-04-23","TX Brownsville CBP","Mexico","Anemone","OK Inspected"
"2020-04-24","VA Dulles CBP","India","Mokara","OK Inspected"
"2020-04-24","WA Seattle Air CBP","Netherlands","Agapanthus","OK Inspected"
"2020-04-25","VA Dulles CBP","Israel","Mokara","OK Inspected"
"2020-04-26","VA Dulles CBP","India","Aegilops","OK Inspected"
"2020-04-26","NY JFK CBP","Netherlands","Mokara","OK Inspected"
"2020-04-27","WA Seattle Air CBP","Netherlands","Agapanthus","OK Inspected"
"2020-04-28","AZ Phoenix CBP","Mexico","Agapanthus","OK Inspected"
"2020-04-28","VA Dulles CBP","Mexico","Protea","Pest Found"
"2020-04-29","NY JFK CBP","Tanzania","Actinidia","CFRP Not Inspected"
"2020-04-30","NY JFK CBP","Netherlands","Actinidia","CFRP Not Inspected"
"2020-04-30","VA Dulles CBP","Israel","Aegilops","Pest Found"
"2020-05-01","FL Miami Air CBP","Netherlands","Liatris","OK Inspected"
"2020-05-02","AZ Phoenix CBP","India","Rosa","OK CFRP Inspected"
"2020-05-02","AZ Phoenix CBP","Japan","Agapanthus","OK Inspected"
"2020-05-03","AZ Phoenix CBP","New Zealand","Hyacinthus","CFRP Not Inspected"
"2020-05-04","WA Blaine CBP","India","Agapanthus","OK Inspected"
"2020-05-04","AZ Phoenix CBP","Mexico","Mokara","OK Inspected"
"2020-05-05","WA Seattle Air CBP","Mexico","Hyacinthus","CFRP Not Inspected"
"2020-05-06","FL Miami Air CBP","Tanzania","Anemone","OK Inspected"
"2020-05-06","AZ Phoenix CBP","New Zealand","Protea","OK Inspected"
"2020-05-07","AZ Phoenix CBP","Israel","Protea","OK Inspected"
"2020-05-08","CA San Francisco CBP","Netherlands","Mokara","OK Inspected"
"2020-05-08","WA Seattle Air CBP","Japan","Actinidia","CFRP Not Inspected"
"2020-05-09","WA Blaine CBP","Tanzania","Rosa","CFRP Not Inspected"
"2020-05-10","WA Seattle Air CBP","Japan","Anemone","OK Inspected"
"2020-05-10","FL Miami Air CBP","Israel","Hyacinthus","CFRP Not Inspected"
"2020-05-11","FL Miami Air CBP","Tanzania","Gerbera","CFRP Not Inspected"
"2020-05-12","TX Brownsville CBP","Tanzania","Aegilops","OK Inspected"
"2020-05-12","FL Miami Air CBP","New Zealand","Anemone","OK Inspected"
"2020-05-13","HI Honolulu CBP","Netherlands","Protea","OK Inspected"
"2020-05-14","WA Blaine CBP","Israel","Aegilops","OK Inspected"
"2020-05-14","NY JFK CBP","Tanzania","Rosa","OK CFRP Inspected"
"2020-05-15","VA Dulles CBP","Tanzania","Mokara","OK Inspected"
"2020-05-16","FL Miami Air CBP","Japan","Actinidia","CFRP Not Inspected"
"2020-05-16","HI Honolulu CBP","Israel","Hyacinthus","OK CFRP Inspected"
"2020-05-17","NY JFK CBP","Tanzania","Rosa","CFRP Not Inspected"
"2020-05-18","FL Miami Air CBP","Mexico","Anemone","OK Inspected"
"2020-05-18","HI Honolulu CBP","Israel","Gerbera","CFRP Not Inspected"
"2020-05-19","NY JFK CBP","Israel","Protea","OK Inspected"
"2020-05-20","TX Brownsville CBP","Japan","Hyacinthus","OK CFRP Inspected"
"2020-05-20","HI Honolulu CBP","Israel","Actinidia","CFRP Not Inspected"
"2020-05-21","HI Honolulu CBP","India","Rosa","CFRP Not Inspected"
"2020-05-22","VA Dulles CBP","Japan","Aegilops","OK Inspected"
"2020-05-22","AZ Phoenix CBP","India","Anemone","OK Inspected"
"2020-05-23","AZ Phoenix CBP","Japan","Protea","OK Inspected"
"2020-05-24","WA Blaine CBP","Tanzania","Rosa","CFRP Not Inspected"
"2020-05-24","WA Seattle Air CBP","Netherlands","Gerbera","CFRP Not Inspected"
"2020-05-25","TX Brownsville CBP","Netherlands","Protea","OK Inspected"
"2020-05-26","WA Seattle Air CBP","Tanzania","Rosa","OK CFRP Inspected"
"2020-05-26","TX Brownsville CBP","New Zealand","Aegilops","OK Inspected"
"2020-05-27","HI Honolulu CBP","Netherlands","Aegilops","OK Inspected"
"2020-05-28","HI Honolulu CBP","Netherlands","Agapanthus","OK Inspected"
"2020-05-28","HI Honolulu CBP","New Zealand","Anemone","OK Inspected"
"2020-05-29","WA Seattle Air CBP","Tanzania","Gerbera","OK CFRP Inspected"
"2020-05-30","HI Honolulu CBP","Israel","Rosa","OK CFRP Inspected"
"2020-05-30","WA Seattle Air CBP","Japan","Gerbera","CFRP Not Inspected"
"2020-05-31","NY JFK CBP","Netherlands","Hyacinthus","CFRP Not Inspected"
"2020-06-01","WA Blaine CBP","New Zealand","Liatris","OK Inspected"
"2020-06-01","CA San Francisco CBP","Japan","Mokara","OK Inspected"
"2020-06-02","HI Honolulu CBP","Japan","Rosa","OK CFRP Inspected"
"2020-06-03","VA Dulles CBP","India","Mokara","OK Inspected"
"2020-06-03","CA San Francisco CBP","Tanzania","Rosa","CFRP Not Inspected"
"2020-06-04","AZ Phoenix CBP","Tanzania","Gerbera","CFRP Not Inspected"
"2020-06-05","FL Miami Air CBP","Japan","Rosa","CFRP Not Inspected"
"2020-06-05","TX Brownsville CBP","India","Liatris","OK Inspected"
"2020-06-06","WA Seattle Air CBP","Mexico","Gerbera","CFRP Not Inspected"
"2020-06-07","NY JFK CBP","Netherlands","Aegilops","OK Inspected"
"2020-06-07","WA Seattle Air CBP","Netherlands","Actinidia","OK CFRP Inspected"
"2020-06-08","WA Blaine CBP","Japan","Agapanthus","OK Inspected"
"2020-06-09","NY JFK CBP","New Zealand","Anemone","OK Inspected"
"2020-06-09","HI Honolulu CBP","India","Protea","OK Inspected"
"2020-06-10","WA Blaine CBP","New Zealand","Agapanthus","OK Inspected"
"2020-06-11","TX Brownsville CBP","Tanzania","Gerbera","CFRP Not Inspected"
"2020-06-11","VA Dulles CBP","Netherlands","Liatris","OK Inspected"
"2020-06-12","NY JFK CBP","Mexico","Hyacinthus","OK CFRP Inspected"
"2020-06-13","FL Miami Air CBP","Mexico","Actinidia","CFRP Not Inspected"
"2020-06-13","AZ Phoenix CBP","Japan","Anemone","Pest Found"
"2020-06-14","WA Seattle Air CBP","Tanzania","Mokara","OK Inspected"
"2020-06-15","VA Dulles CBP","Tanzania","Liatris","OK Inspected"
"2020-06-15","WA Blaine CBP","Tanzania","Aegilops","OK Inspected"
"2020-06-16","WA Seattle Air CBP","Mexico","Aegilops","OK Inspected"
"2020-06-17","WA Blaine CBP","New Zealand","Anemone","OK Inspected"
"2020-06-17","WA Blaine CBP","Japan","Liatris","OK Inspected"
"2020-06-18","CA San Francisco CBP","Israel","Rosa","OK CFRP Inspected"
"2020-06-19","WA Blaine CBP","Mexico","Gerbera","CFRP Not Inspected"
"2020-06-19","VA Dulles CBP","Netherlands","Rosa","CFRP Not Inspected"
"2020-06-20","AZ Phoenix CBP","Tanzania","Gerbera","CFRP Not Inspected"
"2020-06-21","FL Miami Air CBP","Netherlands","Aegilops","OK Inspected"
"2020-06-21","TX Brownsville CBP","Israel","Anemone","OK Inspected"
"2020-06-22","TX Brownsville CBP","Mexico","Protea","OK Inspected"
"2020-06-23","FL Miami Air CBP","Tanzania","Agapanthus","OK Inspected"
"2020-06-23","WA Seattle Air CBP","India","Aegilops","OK Inspected"
"2020-06-24","VA Dulles CBP","India","Mokara","OK Inspected"
"2020-06-25","CA San Francisco CBP","New Zealand","Protea","OK Inspected"
"2020-06-25","FL Miami Air CBP","Japan","Actinidia","CFRP Not Inspected"
"2020-06-26","WA Blaine CBP","Mexico","Anemone","OK Inspected"
"2020-06-27","FL Miami Air CBP","India","Actinidia","OK CFRP Inspected"
"2020-06-27","CA San Francisco CBP","New Zealand","Protea","OK Inspected"
"2020-06-28","WA Seattle Air CBP","Tanzania","Protea","OK Inspected"
"2020-06-29","CA San Francisco CBP","India","Mokara","OK Inspected"
"2020-06-29","VA Dulles CBP","Tanzania","Rosa","CFRP Not Inspected"
"2020-06-30","AZ Phoenix CBP","Japan","Mokara","OK Inspected"
"2020-07-01","NY JFK CBP","Tanzania","Actinidia","CFRP Not Inspected"
"2020-07-01","AZ Phoenix CBP","Israel","Agapanthus","OK Inspected"
"2020-07-02","VA Dulles CBP","Tanzania","Gerbera","CFRP Not Inspected"
"2020-07-03","CA San Francisco CBP","Mexico","Hyacinthus","CFRP Not Inspected"
"2020-07-03","HI Honolulu CBP","Tanzania","Hyacinthus","CFRP Not Inspected"
"2020-07-04","NY JFK CBP","Japan","Protea","OK Inspected"
"2020-07-05","CA San Francisco CBP","Netherlands","Anemone","OK Inspected"
"2020-07-05","NY JFK CBP","India","Protea","OK Inspected"
"2020-07-06","NY JFK CBP","New Zealand","Rosa","OK CFRP Inspected"
"2020-07-07","HI Honolulu CBP","Tanzania","Hyacinthus","CFRP Not Inspected"
"2020-07-07","VA Dulles CBP","Israel","Aegilops","OK Inspected"
"2020-07-08","WA Blaine CBP","Japan","Hyacinthus","OK CFRP Inspected"
"2020-07-09","HI Honolulu CBP","Tanzania","Gerbera","OK CFRP Inspected"
"2020-07-09","CA San Francisco CBP","India","Rosa","CFRP Not Inspected"
"2020-07-10","HI Honolulu CBP","New Zealand","Mokara","OK Inspected"
"2020-07-11","CA San Francisco CBP","Mexico","Liatris","OK Inspected"
"2020-07-11","HI Honolulu CBP","Mexico","Rosa","CFRP Not Inspected"
"2020-07-12","WA Seattle Air CBP","Tanzania","Actinidia","CFRP Not Inspected"
"2020-07-13","AZ Phoenix CBP","Japan","Mokara","OK Inspected"
"2020-07-13","VA Dulles CBP","Netherlands","Hyacinthus","CFRP Not Inspected"
"2020-07-14","FL Miami Air CBP","Japan","Liatris","OK Inspected"
"2020-07-15","HI Honolulu CBP","Japan","Aegilops","OK Inspected"
"2020-07-15","FL Miami Air CBP","Netherlands","Hyacinthus","CFRP Not Inspected"
"2020-07-16","WA Seattle Air CBP","Netherlands","Anemone","OK Inspected"
"2020-07-17","TX Brownsville CBP","Netherlands","Gerbera","Pest Found CFRP Inspected"
"2020-07-17","FL Miami Air CBP","Mexico","Agapanthus","OK Inspected"
"2020-07-18","FL Miami Air CBP","Israel","Gerbera","CFRP Not Inspected"
"2020-07-19","HI Honolulu CBP","Mexico","Actinidia","OK CFRP Inspected"
"2020-07-19","WA Blaine CBP","Mexico","Aegilops","OK Inspected"
"2020-07-20","CA San Francisco CBP","Israel","Hyacinthus","OK CFRP Inspected"
"2020-07-21","CA San Francisco CBP","Mexico","Gerbera","OK CFRP Inspected"
"2020-07-21","CA San Francisco CBP","Mexico","Anemone","OK Inspected"
"2020-07-22","WA Seattle Air CBP","New Zealand","Protea","OK Inspected"
"2020-07-23","WA Blaine CBP","Japan","Rosa","CFRP Not Inspected"
"2020-07-23","AZ Phoenix CBP","Tanzania","Aegilops","OK Inspected"
"2020-07-24","AZ Phoenix CBP","India","Actinidia","CFRP Not Inspected"
"2020-07-25","AZ Phoenix CBP","Japan","Aegilops","OK Inspected"
"2020-07-25","FL Miami Air CBP","New Zealand","Actinidia","CFRP Not Inspected"
"2020-07-26","NY JFK CBP","Tanzania","Protea","Pest Found"
"2020-07-27","NY JFK CBP","Netherlands","Actinidia","OK CFRP Inspected"
"2020-07-27","AZ Phoenix CBP","Mexico","Mokara","OK Inspected"
"2020-07-28","WA Blaine CBP","Japan","Actinidia","CFRP Not Inspected"
"2020-07-29","TX Brownsville CBP","Japan","Protea","OK Inspected"
"2020-07-29","AZ Phoenix CBP","Japan","Hyacinthus","CFRP Not Inspected"
"2020-07-30","VA Dulles CBP","Israel","Mokara","OK Inspected"
"2020-07-31","AZ Phoenix CBP","Mexico","Mokara","OK Inspected"
"2020-07-31","AZ Phoenix CBP","Japan","Agapanthus","OK Inspected"
"2020-08-01","AZ Phoenix CBP","Israel","Rosa","CFRP Not Inspected"
"2020-08-02","WA Seattle Air CBP","Japan","Protea","OK Inspected"
"2020-08-02","AZ Phoenix CBP","Mexico","Rosa","OK CFRP Inspected"
"2020-08-03","TX Brownsville CBP","India","Aegilops","OK Inspected"
"2020-08-04","CA San Francisco CBP","New Zealand","Mokara","OK Inspected"
"2020-08-04","VA Dulles CBP","Israel","Actinidia","CFRP Not Inspected"
"2020-08-05","VA Dulles CBP","India","Hyacinthus","CFRP Not Inspected"
"2020-08-06","AZ Phoenix CBP","Netherlands","Rosa","OK CFRP Inspected"
"2020-08-06","NY JFK CBP","Israel","Mokara","OK Inspected"
"2020-08-07","WA Blaine CBP","New Zealand","Mokara","OK Inspected"
"2020-08-08","WA Seattle Air CBP","New Zealand","Anemone","OK Inspected"
"2020-08-08","WA Seattle Air CBP","Japan","Anemone","OK Inspected"
"2020-08-09","CA San Francisco CBP","Netherlands","Hyacinthus","CFRP Not Inspected"
"2020-08-10","WA Blaine CBP","India","Actinidia","CFRP Not Inspected"
"2020-08-10","NY JFK CBP","Israel","Gerbera","CFRP Not Inspected"
"2020-08-11","VA Dulles CBP","India","Liatris","OK Inspected"
"2020-08-12","TX Brownsville CBP","New Zealand","Mokara","OK Inspected"
"2020-08-12","WA Blaine CBP","Netherlands","Actinidia","CFRP Not Inspected"
"2020-08-13","CA San Francisco CBP","Tanzania","Protea","OK Inspected"
"2020-08-14","CA San Francisco CBP","Mexico","Liatris","OK Inspected"
"2020-08-14","CA San Francisco CBP","India","Actinidia","CFRP Not Inspected"
"2020-08-15","WA Seattle Air CBP","Mexico","Actinidia","OK CFRP Inspected"
"2020-08-16","WA Blaine CBP","Japan","Hyacinthus","OK CFRP Inspected"
"2020-08-16","HI Honolulu CBP","Mexico","Anemone","OK Inspected"
"2020-08-17","NY JFK CBP","New Zealand","Agapanthus","OK Inspected"
"2020-08-18","HI Honolulu CBP","Israel","Actinidia","CFRP Not Inspected"
"2020-08-18","WA Seattle Air CBP","Israel","Liatris","OK Inspected"
"2020-08-19","HI Honolulu CBP","Tanzania","Aegilops","OK Inspected"
"2020-08-20","AZ Phoenix CBP","India","Hyacinthus","OK CFRP Inspected"
"2020-08-20","NY JFK CBP","India","Agapanthus","OK Inspected"
"2020-08-21","WA Seattle Air CBP","Mexico","Gerbera","OK CFRP Inspected"
"2020-08-22","CA San Francisco CBP","Japan","Liatris","OK Inspected"
"2020-08-22","WA Seattle Air CBP","India","Actinidia","CFRP Not Inspected"
"2020-08-23","FL Miami Air CBP","Israel","Agapanthus","OK Inspected"
"2020-08-24","VA Dulles CBP","Netherlands","Protea","OK Inspected"
"2020-08-24","VA Dulles CBP","New Zealand","Gerbera","CFRP Not Inspected"
"2020-08-25","AZ Phoenix CBP","New Zealand","Mokara","OK Inspected"
"2020-08-26","CA San Francisco CBP","Japan","Mokara","OK Inspected"
"2020-08-26","TX Brownsville CBP","Israel","Protea","OK Inspected"
"2020-08-27","WA Blaine CBP","Mexico","Gerbera","CFRP Not Inspected"
"2020-08-28","TX Brownsville CBP","Japan","Actinidia","CFRP Not Inspected"
"2020-08-28","VA Dulles CBP","Tanzania","Rosa","CFRP Not Inspected"
"2020-08-29","FL Miami Air CBP","India","Protea","OK Inspected"
"2020-08-30","NY JFK CBP","Mexico","Gerbera","CFRP Not Inspected"
"2020-08-30","CA San Francisco CBP","India","Aegilops","OK Inspected"
"2020-08-31","CA San Francisco CBP","India","Protea","OK Inspected"
"2020-09-01","FL Miami Air CBP","Mexico","Hyacinthus","CFRP Not Inspected"
"2020-09-01","AZ Phoenix CBP","Netherlands","Anemone","OK Inspected"
"2020-09-02","NY JFK CBP","Tanzania","Liatris","OK Inspected"
"2020-09-03","VA Dulles CBP","Japan","Gerbera","CFRP Not Inspected"
"2020-09-03","FL Miami Air CBP","Japan","Anemone","OK Inspected"
"2020-09-04","CA San Francisco CBP","India","Rosa","CFRP Not Inspected"
"2020-09-05","CA San Francisco CBP","Netherlands","Gerbera","OK CFRP Inspected"
"2020-09-05","NY JFK CBP","Tanzania","Gerbera","OK CFRP Inspected"
"2020-09-06","FL Miami Air CBP","Netherlands","Protea","OK Inspected"
"2020-09-07","CA San Francisco CBP","Israel","Actinidia","OK CFRP Inspected"
"2020-09-07","FL Miami Air CBP","New Zealand","Actinidia","OK CFRP Inspected"
"2020-09-08","CA San Francisco CBP","Netherlands","Aegilops","OK Inspected"
"2020-09-09","WA Seattle Air CBP","India","Aegilops","OK Inspected"
"2020-09-09","WA Seattle Air CBP","Netherlands","Aegilops","OK Inspected"
"2020-09-10","WA Blaine CBP","India","Liatris","OK Inspected"
"2020-09-11","FL Miami Air CBP","Netherlands","Protea","OK Inspected"
"2020-09-11","AZ Phoenix CBP","Tanzania","Anemone","OK Inspected"
"2020-09-12","WA Blaine CBP","Israel","Gerbera","CFRP Not Inspected"
"2020-09-13","NY JFK CBP","Tanzania","Gerbera","OK CFRP Inspected"
"2020-09-13","FL Miami Air CBP","Israel","Agapanthus","OK Inspected"
"2020-09-14","AZ Phoenix CBP","Japan","Protea","OK Inspected"
"2020-09-15","FL Miami Air CBP","New Zealand","Hyacinthus","CFRP Not Inspected"
"2020-09-15","FL Miami Air CBP","Japan","Actinidia","OK CFRP Inspected"
"2020-09-16","TX Brownsville CBP","New Zealand","Liatris","OK Inspected"
"2020-09-17","CA San Francisco CBP","Tanzania","Hyacinthus","CFRP Not Inspected"
"2020-09-17","WA Blaine CBP","Mexico","Hyacinthus","CFRP Not Inspected"
"2020-09-18","TX Brownsville CBP","Netherlands","Protea","OK Inspected"
"2020-09-19","NY JFK CBP","Israel","Aegilops","OK Inspected"
"2020-09-19","CA San Francisco CBP","New Zealand","Agapanthus","OK Inspected"
"2020-09-20","WA Blaine CBP","Netherlands","Rosa","CFRP Not Inspected"
"2020-09-21","NY JFK CBP","Tanzania","Protea","OK Inspected"
"2020-09-21","TX Brownsville CBP","Japan","Mokara","Pest Found"
"2020-09-22","AZ Phoenix CBP","Netherlands","Aegilops","OK Inspected"
"2020-09-23","NY JFK CBP","India","Aegilops","OK Inspected"
"2020-09-23","VA Dulles CBP","Israel","Protea","OK Inspected"
"2020-09-24","NY JFK CBP","Tanzania","Protea","OK Inspected"
"2020-09-25","AZ Phoenix CBP","Tanzania","Actinidia","CFRP Not Inspected"
"2020-09-25","HI Honolulu CBP","New Zealand","Hyacinthus","CFRP Not Inspected"
"2020-09-26","VA Dulles CBP","India","Gerbera","CFRP Not Inspected"
"2020-09-27","NY JFK CBP","India","Rosa","CFRP Not Inspected"
"2020-09-27","VA Dulles CBP","New Zealand","Anemone","OK Inspected"
"2020-09-28","AZ Phoenix CBP","Japan","Aegilops","Pest Found"
"2020-09-29","VA Dulles CBP","India","Aegilops","OK Inspected"
"2020-09-29","TX Brownsville CBP","New Zealand","Agapanthus","OK Inspected"
"2020-09-30","FL Miami Air CBP","Mexico","Aegilops","OK Inspected"
"2020-10-01","WA Blaine CBP","New Zealand","Anemone","OK Inspected"
"2020-10-01","WA Seattle Air CBP","Israel","Actinidia","CFRP Not Inspected"
"2020-10-02","WA Seattle Air CBP","Israel","Agapanthus","OK Inspected"
"2020-10-03","WA Blaine CBP","New Zealand","Aegilops","OK Inspected"
"2020-10-03","CA San Francisco CBP","Mexico","Actinidia","OK CFRP Inspected"
"2020-10-04","VA Dulles CBP","New Zealand","Rosa","CFRP Not Inspected"
"2020-10-05","TX Brownsville CBP","Japan","Gerbera","OK CFRP Inspected"
"2020-10-05","HI Honolulu CBP","Japan","Protea","Pest Found"
"2020-10-06","WA Blaine CBP","Israel","Protea","OK Inspected"
"2020-10-07","TX Brownsville CBP","India","Liatris","OK Inspected"
"2020-10-07","VA Dulles CBP","Tanzania","Rosa","CFRP Not Inspected"
"2020-10-08","CA San Francisco CBP","Mexico","Aegilops","OK Inspected"
"2020-10-09","AZ Phoenix CBP","Netherlands","Rosa","CFRP Not Inspected"
"2020-10-09","AZ Phoenix CBP","Netherlands","Actinidia","CFRP Not Inspected"
"2020-10-10","HI Honolulu CBP","Tanzania","Aegilops","OK Inspected"
"2020-10-11","NY JFK CBP","New Zealand","Actinidia","OK CFRP Inspected"
"2020-10-11","AZ Phoenix CBP","India","Rosa","CFRP Not Inspected"
"2020-10-12","WA Blaine CBP","Mexico","Actinidia","CFRP Not Inspected"
"2020-10-13","NY JFK CBP","Mexico","Rosa","CFRP Not Inspected"
"2020-10-13","HI Honolulu CBP","India","Mokara","OK Inspected"
"2020-10-14","AZ Phoenix CBP","Japan","Liatris","OK Inspected"
"2020-10-15","WA Seattle Air CBP","Tanzania","Actinidia","OK CFRP Inspected"
"2020-10-15","WA Seattle Air CBP","New Zealand","Gerbera","CFRP Not Inspected"
"2020-10-16","NY JFK CBP","Netherlands","Agapanthus","OK Inspected"
"2020-10-17","WA Blaine CBP","Israel","Hyacinthus","CFRP Not Inspected"
"2020-10-17","FL Miami Air CBP","Netherlands","Actinidia","CFRP Not Inspected"
"2020-10-18","AZ Phoenix CBP","India","Rosa","OK CFRP Inspected"
"2020-10-19","WA Seattle Air CBP","India","Agapanthus","Pest Found"
"2020-10-19","NY JFK CBP","Netherlands","Agapanthus","OK Inspected"
"2020-10-20","HI Honolulu CBP","Japan","Mokara","OK Inspected"
"2020-10-21","WA Seattle Air CBP","New Zealand","Aegilops","OK Inspected"
"2020-10-21","CA San Francisco CBP","New Zealand","Anemone","OK Inspected"
"2020-10-22","CA San Francisco CBP","India","Anemone","OK Inspected"
"2020-10-23","NY JFK CBP","New Zealand","Agapanthus","OK Inspected"
"2020-10-23","HI Honolulu CBP","New Zealand","Actinidia","OK CFRP Inspected"
"2020-10-24","FL Miami Air CBP","Tanzania","Protea","OK Inspected"
"2020-10-25","WA Blaine CBP","Japan","Actinidia","CFRP Not Inspected"
"2020-10-25","CA San Francisco CBP","Netherlands","Mokara","OK Inspected"
"2020-10-26","TX Brownsville CBP","Japan","Liatris","OK Inspected"
"2020-10-27","TX Brownsville CBP","Netherlands","Agapanthus","OK Inspected"
"2020-10-27","NY JFK CBP","Tanzania","Mokara","OK Inspected"
"2020-10-28","NY JFK CBP","New Zealand","Anemone","OK Inspected"
"2020-10-29","AZ Phoenix CBP","Mexico","Gerbera","OK CFRP Inspected"
"2020-10-29","WA Seattle Air CBP","Israel","Rosa","CFRP Not Inspected"
"2020-10-30","WA Seattle Air CBP","Tanzania","Actinidia","CFRP Not Inspected"
"2020-10-31","WA Blaine CBP","Netherlands","Actinidia","OK CFRP Inspected"
"2020-10-31","NY JFK CBP","Mexico","Hyacinthus","CFRP Not Inspected"
"2020-11-01","FL Miami Air CBP","India","Actinidia","CFRP Not Inspected"
"2020-11-02","HI Honolulu CBP","New Zealand","Protea","OK Inspected"
"2020-11-02","HI Honolulu CBP","India","Mokara","OK Inspected"
"2020-11-03","AZ Phoenix CBP","Japan","Actinidia","OK CFRP Inspected"
"2020-11-04","AZ Phoenix CBP","New Zealand","Agapanthus","OK Inspected"
"2020-11-04","WA Seattle Air CBP","Japan","Actinidia","CFRP Not Inspected"
"2020-11-05","TX Brownsville CBP","Japan","Hyacinthus","CFRP Not Inspected"
"2020-11-06","NY JFK CBP","Israel","Liatris","OK Inspected"
"2020-11-06","CA San Francisco CBP","Mexico","Mokara","OK Inspected"
"2020-11-07","NY JFK CBP","India","Liatris","OK Inspected"
"2020-11-08","TX Brownsville CBP","Japan","Gerbera","CFRP Not Inspected"
"2020-11-08","WA Seattle Air CBP","Japan","Anemone","OK Inspected"
"2020-11-09","TX Brownsville CBP","Netherlands","Liatris","OK Inspected"
"2020-11-10","TX Brownsville CBP","Tanzania","Anemone","OK Inspected"
"2020-11-10","FL Miami Air CBP","Israel","Protea","OK Inspected"
"2020-11-11","HI Honolulu CBP","India","Aegilops","OK Inspected"
"2020-11-12","NY JFK CBP","Mexico","Rosa","CFRP Not Inspected"
"2020-11-12","VA Dulles CBP","Israel","Protea","OK Inspected"
"2020-11-13","AZ Phoenix CBP","Netherlands","Protea","OK Inspected"
"2020-11-14","VA Dulles CBP","Mexico","Liatris","OK Inspected"
"2020-11-14","NY JFK CBP","Israel","Gerbera","CFRP Not Inspected"
"2020-11-15","NY JFK CBP","Israel","Rosa","CFRP Not Inspected"
"2020-11-16","VA Dulles CBP","Netherlands","Protea","OK Inspected"
"2020-11-16","WA Seattle Air CBP","India","Aegilops","OK Inspected"
"2020-11-17","TX Brownsville CBP","Mexico","Rosa","CFRP Not Inspected"
"2020-11-18","NY JFK CBP","Tanzania","Rosa","OK CFRP Inspected"
"2020-11-18","WA Seattle Air CBP","Mexico","Aegilops","OK Inspected"
"2020-11-19","CA San Francisco CBP","Japan","Hyacinthus","CFRP Not Inspected"
"2020-11-20","HI Honolulu CBP","Tanzania","Rosa","CFRP Not Inspected"
"2020-11-20","AZ Phoenix CBP","Tanzania","Gerbera","CFRP Not Inspected"
"2020-11-21","CA San Francisco CBP","Israel","Protea","OK Inspected"
"2020-11-22","HI Honolulu CBP","Netherlands","Liatris","OK Inspected"
"2020-11-22","AZ Phoenix CBP","Israel","Liatris","OK Inspected"
"2020-11-23","WA Blaine CBP","India","Rosa","CFRP Not Inspected"
"2020-11-24","NY JFK CBP","Netherlands","Mokara","OK Inspected"
"2020-11-24","CA San Francisco CBP","New Zealand","Liatris","OK Inspected"
"2020-11-25","WA Blaine CBP","Mexico","Liatris","OK Inspected"
"2020-11-26","TX Brownsville CBP","Tanzania","Mokara","OK Inspected"
"2020-11-26","VA Dulles CBP","Mexico","Anemone","OK Inspected"
"2020-11-27","FL Miami Air CBP","New Zealand","Hyacinthus","CFRP Not Inspected"
"2020-11-28","WA Blaine CBP","Netherlands","Anemone","OK Inspected"
"2020-11-28","FL Miami Air CBP","Israel","Aegilops","OK Inspected"
"2020-11-29","AZ Phoenix CBP","Netherlands","Aegilops","OK Inspected"
"2020-11-30","NY JFK CBP","Tanzania","Hyacinthus","CFRP Not Inspected"
"2020-11-30","AZ Phoenix CBP","Israel","Gerbera","CFRP Not Inspected"
"2020-12-01","VA Dulles CBP","India","Rosa","CFRP Not Inspected"
"2020-12-02","AZ Phoenix CBP","Mexico","Actinidia","CFRP Not Inspected"
"2020-12-02","VA Dulles CBP","New Zealand","Gerbera","CFRP Not Inspected"
"2020-12-03","CA San Francisco CBP","Japan","Liatris","OK Inspected"
"2020-12-04","NY JFK CBP","New Zealand","Liatris","OK Inspected"
"2020-12-04","AZ Phoenix CBP","India","Actinidia","CFRP Not Inspected"
"2020-12-05","AZ Phoenix CBP","Tanzania","Rosa","CFRP Not Inspected"
"2020-12-06","WA Seattle Air CBP","Netherlands","Agapanthus","OK Inspected"
"2020-12-06","FL Miami Air CBP","India","Agapanthus","OK Inspected"
"2020-12-07","TX Brownsville CBP","Tanzania","Actinidia","OK CFRP Inspected"
"2020-12-08","AZ Phoenix CBP","Tanzania","Mokara","OK Inspected"
"2020-12-08","VA Dulles CBP","Tanzania","Rosa","CFRP Not Inspected"
"2020-12-09","VA Dulles CBP","Mexico","Hyacinthus","CFRP Not Inspected"
"2020-12-10","HI Honolulu CBP","India","Rosa","OK CFRP Inspected"
"2020-12-10","WA Seattle Air CBP","Netherlands","Anemone","OK Inspected"
"2020-12-11","NY JFK CBP","Japan","Mokara","OK Inspected"
"2020-12-12","FL Miami Air CBP","Netherlands","Liatris","OK Inspected"
"2020-12-12","CA San Francisco CBP","India","Anemone","OK Inspected"
"2020-12-13","FL Miami Air CBP","Japan","Hyacinthus","CFRP Not Inspected"
"2020-12-14","VA Dulles CBP","Mexico","Agapanthus","OK Inspected"
"2020-12-14","TX Brownsville CBP","Mexico","Rosa","OK CFRP Inspected"
"2020-12-15","WA Blaine CBP","Mexico","Protea","OK Inspected"
"2020-12-16","HI Honolulu CBP","New Zealand","Rosa","CFRP Not Inspected"
"2020-12-16","VA Dulles CBP","Israel","Hyacinthus","OK CFRP Inspected"
"2020-12-17","WA Seattle Air CBP","India","Agapanthus","OK Inspected"
"2020-12-18","AZ Phoenix CBP","New Zealand","Aegilops","OK Inspected"
"2020-12-18","HI Honolulu CBP","Israel","Aegilops","OK Inspected"
"2020-12-19","CA San Francisco CBP","Netherlands","Anemone","OK Inspected"
"2020-12-20","VA Dulles CBP","Netherlands","Mokara","OK Inspected"
"2020-12-20","VA Dulles CBP","New Zealand","Aegilops","OK Inspected"
"2020-12-21","CA San Francisco CBP","Mexico","Aegilops","OK Inspected"
"2020-12-22","HI Honolulu CBP","Netherlands","Actinidia","CFRP Not Inspected"
"2020-12-22","TX Brownsville CBP","New Zealand","Protea","OK Inspected"
"2020-12-23","WA Blaine CBP","Mexico","Actinidia","OK CFRP Inspected"
"2020-12-24","NY JFK CBP","India","Liatris","OK Inspected"
"2020-12-24","FL Miami Air CBP","Japan","Protea","OK Inspected"
"2020-12-25","FL Miami Air CBP","Japan","Gerbera","OK CFRP Inspected"
"2020-12-26","TX Brownsville CBP","Tanzania","Gerbera","CFRP Not Inspected"
"2020-12-26","FL Miami Air CBP","Mexico","Liatris","OK Inspected"
"2020-12-27","AZ Phoenix CBP","Netherlands","Liatris","OK Inspected"
"2020-12-28","NY JFK CBP","Israel","Liatris","OK Inspected"
"2020-12-28","FL Miami Air CBP","India","Hyacinthus","OK CFRP Inspected"
"2020-12-29","FL Miami Air CBP","India","Rosa","CFRP Not Inspected"
"2020-12-30","VA Dulles CBP","Netherlands","Gerbera","CFRP Not Inspected"
"2020-12-30","TX Brownsville CBP","New Zealand","Agapanthus","OK Inspected"
"2020-12-31","FL Miami Air CBP","India","Agapanthus","OK Inspected"
"2021-01-01","AZ Phoenix CBP","New Zealand","Liatris","OK Inspected"
"2021-01-01","NY JFK CBP","Netherlands","Hyacinthus","CFRP Not Inspected"
"2021-01-02","VA Dulles CBP","Israel","Agapanthus","OK Inspected"
"2021-01-03","WA Blaine CBP","India","Mokara","OK Inspected"
"2021-01-03","HI Honolulu CBP","New Zealand","Aegilops","OK Inspected"
"2021-01-04","WA Seattle Air CBP","Netherlands","Aegilops","OK Inspected"
"2021-01-05","AZ Phoenix CBP","Tanzania","Rosa","CFRP Not Inspected"
"2021-01-05","HI Honolulu CBP","Japan","Hyacinthus","CFRP Not Inspected"
"2021-01-06","CA San Francisco CBP","Israel","Gerbera","CFRP Not Inspected"
"2021-01-07","WA Seattle Air CBP","Netherlands","Protea","OK Inspected"
"2021-01-07","VA Dulles CBP","India","Aegilops","OK Inspected"
"2021-01-08","WA Blaine CBP","Tanzania","Gerbera","CFRP Not Inspected"
"2021-01-09","AZ Phoenix CBP","Tanzania","Hyacinthus","CFRP Not Inspected"
"2021-01-09","FL Miami Air CBP","New Zealand","Aegilops","OK Inspected"
"2021-01-10","WA Blaine CBP","Japan","Agapanthus","OK Inspected"
"2021-01-11","HI Honolulu CBP","India","Hyacinthus","CFRP Not Inspected"
"2021-01-11","VA Dulles CBP","New Zealand","Mokara","OK Inspected"
"2021-01-12","FL Miami Air CBP","Japan","Anemone","OK Inspected"
"2021-01-13","WA Seattle Air CBP","Tanzania","Liatris","OK Inspected"
"2021-01-13","WA Seattle Air CBP","New Zealand","Mokara","OK Inspected"
"2021-01-14","FL Miami Air CBP","Mexico","Mokara","OK Inspected"
"2021-01-15","VA Dulles CBP","India","Hyacinthus","CFRP Not Inspected"
"2021-01-15","NY JFK CBP","Mexico","Agapanthus","OK Inspected"
"2021-01-16","TX Brownsville CBP","Japan","Protea","OK Inspected"
"2021-01-17","AZ Phoenix CBP","Japan","Actinidia","CFRP Not Inspected"
"2021-01-17","FL Miami Air CBP","Tanzania","Hyacinthus","CFRP Not Inspected"
"2021-01-18","TX Brownsville CBP","Tanzania","Aegilops","OK Inspected"
"2021-01-19","HI Honolulu CBP","New Zealand","Gerbera","CFRP Not Inspected"
"2021-01-19","NY JFK CBP","Netherlands","Mokara","OK Inspected"
"2021-01-20","CA San Francisco CBP","Tanzania","Gerbera","CFRP Not Inspected"
"2021-01-21","VA Dulles CBP","Japan","Protea","OK Inspected"
"2021-01-21","HI Honolulu CBP","Netherlands","Hyacinthus","CFRP Not Inspected"
"2021-01-22","WA Seattle Air CBP","New Zealand","Liatris","OK Inspected"
"2021-01-23","NY JFK CBP","Israel","Gerbera","CFRP Not Inspected"
"2021-01-23","AZ Phoenix CBP","Mexico","Liatris","OK Inspected"
"2021-01-24","NY JFK CBP","Netherlands","Protea","OK Inspected"
"2021-01-25","TX Brownsville CBP","Mexico","Rosa","CFRP Not Inspected"
"2021-01-25","HI Honolulu CBP","New Zealand","Anemone","OK Inspected"
"2021-01-26","NY JFK CBP","India","Rosa","OK CFRP Inspected"
"2021-01-27","WA Seattle Air CBP","Tanzania","Rosa","CFRP Not Inspected"
"2021-01-27","AZ Phoenix CBP","Mexico","Aegilops","OK Inspected"
"2021-01-28","FL Miami Air CBP","Netherlands","Agapanthus","Pest Found"
"2021-01-29","HI Honolulu CBP","Mexico","Mokara","OK Inspected"
"2021-01-29","WA Seattle Air CBP","New Zealand","Hyacinthus","CFRP Not Inspected"
"2021-01-30","CA San Francisco CBP","Israel","Agapanthus","OK Inspected"
"2021-01-31","TX Brownsville CBP","Israel","Rosa","CFRP Not Inspected"
"2021-01-31","VA Dulles CBP","Israel","Mokara","OK Inspected"
"2021-02-01","WA Blaine CBP","Israel","Rosa","CFRP Not Inspected"
"2021-02-02","NY JFK CBP","Japan","Rosa","OK CFRP Inspected"
"2021-02-02","FL Miami Air CBP","Netherlands","Protea","OK Inspected"
"2021-02-03","WA Blaine CBP","Mexico","Rosa","CFRP Not Inspected"
"2021-02-04","WA Blaine CBP","India","Rosa","CFRP Not Inspected"
"2021-02-04","AZ Phoenix CBP","Japan","Agapanthus","OK Inspected"
"2021-02-05","NY JFK CBP","Japan","Mokara","OK Inspected"
"2021-02-06","HI Honolulu CBP","Japan","Gerbera","CFRP Not Inspected"
"2021-02-06","WA Seattle Air CBP","Tanzania","Protea","OK Inspected"
"2021-02-07","VA Dulles CBP","Japan","Anemone","OK Inspected"
"2021-02-08","HI Honolulu CBP","Israel","Rosa","CFRP Not Inspected"
"2021-02-08","CA San Francisco CBP","Japan","Aegilops","OK Inspected"
"2021-02-09","WA Blaine CBP","New Zealand","Hyacinthus","CFRP Not Inspected"
"2021-02-10","AZ Phoenix CBP","Mexico","Rosa","Pest Found CFRP Inspected"
"2021-02-10","WA Seattle Air CBP","Japan","Mokara","OK Inspected"
"2021-02-11","TX Brownsville CBP","Japan","Protea","OK Inspected"
"2021-02-12","TX Brownsville CBP","Tanzania","Rosa","CFRP Not Inspected"
"2021-02-12","FL Miami Air CBP","Israel","Hyacinthus","OK CFRP Inspected"
"2021-02-13","AZ Phoenix CBP","New Zealand","Protea","OK Inspected"
"2021-02-14","VA Dulles CBP","India","Mokara","OK Inspected"
"2021-02-14","WA Blaine CBP","Mexico","Actinidia","CFRP Not Inspected"
"2021-02-15","WA Blaine CBP","Tanzania","Agapanthus","OK Inspected"
"2021-02-16","WA Blaine CBP","New Zealand","Agapanthus","OK Inspected"
"2021-02-16","WA Seattle Air CBP","Japan","Gerbera","CFRP Not Inspected"
"2021-02-17","HI Honolulu CBP","Israel","Liatris","OK Inspected"
"2021-02-18","WA Seattle Air CBP","Netherlands","Gerbera","CFRP Not Inspected"
"2021-02-18","WA Blaine CBP","Netherlands","Mokara","OK Inspected"
"2021-02-19","NY JFK CBP","Netherlands","Hyacinthus","CFRP Not Inspected"
"2021-02-20","VA Dulles CBP","Israel","Protea","OK Inspected"
"2021-02-20","WA Seattle Air CBP","Mexico","Protea","OK Inspected"
"2021-02-21","NY JFK CBP","Japan","Anemone","OK Inspected"
"2021-02-22","AZ Phoenix CBP","Japan","Protea","OK Inspected"
"2021-02-22","CA San Francisco CBP","Israel","Liatris","OK Inspected"
"2021-02-23","WA Blaine CBP","New Zealand","Agapanthus","OK Inspected"
"2021-02-24","WA Seattle Air CBP","Mexico","Agapanthus","OK Inspected"
"2021-02-24","TX Brownsville CBP","India","Protea","OK Inspected"
"2021-02-25","HI Honolulu CBP","India","Actinidia","CFRP Not Inspected"
"2021-02-26","NY JFK CBP","Japan","Protea","OK Inspected"
"2021-02-26","WA Blaine CBP","Israel","Protea","OK Inspected"
"2021-02-27","CA San Francisco CBP","Mexico","Actinidia","OK CFRP Inspected"
"2021-02-28","TX Brownsville CBP","Tanzania","Gerbera","CFRP Not Inspected"
"2021-02-28","NY JFK CBP","Israel","Gerbera","CFRP Not Inspected"
"2021-03-01","FL Miami Air CBP","Netherlands","Aegilops","OK Inspected"
"2021-03-02","TX Brownsville CBP","Japan","Liatris","OK Inspected"
"2021-03-02","AZ Phoenix CBP","Mexico","Gerbera","CFRP Not Inspected"
"2021-03-03","NY JFK CBP","Israel","Gerbera","CFRP Not Inspected"
"2021-03-04","TX Brownsville CBP","Israel","Gerbera","CFRP Not Inspected"
"2021-03-04","WA Blaine CBP","Netherlands","Agapanthus","OK Inspected"
"2021-03-05","NY JFK CBP","Tanzania","Actinidia","CFRP Not Inspected"
"2021-03-06","HI Honolulu CBP","Israel","Mokara","OK Inspected"
"2021-03-06","TX Brownsville CBP","New Zealand","Agapanthus","OK Inspected"
"2021-03-07","WA Blaine CBP","Netherlands","Liatris","OK Inspected"
"2021-03-08","WA Seattle Air CBP","Netherlands","Protea","OK Inspected"
"2021-03-08","NY JFK CBP","New Zealand","Anemone","OK Inspected"
"2021-03-09","AZ Phoenix CBP","Israel","Agapanthus","OK Inspected"
"2021-03-10","WA Seattle Air CBP","New Zealand","Agapanthus","OK Inspected"
"2021-03-10","WA Blaine CBP","Netherlands","Anemone","OK Inspected"
"2021-03-11","WA Blaine CBP","New Zealand","Rosa","CFRP Not Inspected"
"2021-03-12","VA Dulles CBP","Netherlands","Mokara","OK Inspected"
"2021-03-12","FL Miami Air CBP","Mexico","Hyacinthus","OK CFRP Inspected"
"2021-03-13","VA Dulles CBP","Tanzania","Rosa","CFRP Not Inspected"
"2021-03-14","WA Seattle Air CBP","Netherlands","Mokara","OK Inspected"
"2021-03-14","NY JFK CBP","Netherlands","Hyacinthus","CFRP Not Inspected"
"2021-03-15","TX Brownsville CBP","Netherlands","Liatris","OK Inspected"
"2021-03-16","FL Miami Air CBP","Mexico","Agapanthus","OK Inspected"
"2021-03-16","HI Honolulu CBP","Japan","Hyacinthus","OK CFRP Inspected"
"2021-03-17","VA Dulles CBP","Israel","Protea","OK Inspected"
"2021-03-18","TX Brownsville CBP","New Zealand","Mokara","OK Inspected"
"2021-03-18","WA Blaine CBP","Tanzania","Aegilops","OK Inspected"
"2021-03-19","NY JFK CBP","Mexico","Actinidia","OK CFRP Inspected"
"2021-03-20","FL Miami Air CBP","Israel","Liatris","OK Inspected"
"2021-03-20","WA Seattle Air CBP","New Zealand","Rosa","CFRP Not Inspected"
"2021-03-21","FL Miami Air CBP","New Zealand","Liatris","OK Inspected"
"2021-03-22","WA Blaine CBP","India","Anemone","OK Inspected"
"2021-03-22","VA Dulles CBP","Israel","Hyacinthus","CFRP Not Inspected"
"2021-03-23","VA Dulles CBP","Tanzania","Gerbera","CFRP Not Inspected"
"2021-03-24","VA Dulles CBP","Tanzania","Gerbera","CFRP Not Inspected"
"2021-03-24","HI Honolulu CBP","Japan","Protea","OK Inspected"
"2021-03-25","HI Honolulu CBP","New Zealand","Aegilops","OK Inspected"
"2021-03-26","VA Dulles CBP","Israel","Agapanthus","OK Inspected"
"2021-03-26","TX Brownsville CBP","Mexico","Anemone","OK Inspected"
"2021-03-27","FL Miami Air CBP","New Zealand","Gerbera","CFRP Not Inspected"
"2021-03-28","TX Brownsville CBP","Netherlands","Protea","OK Inspected"
"2021-03-28","WA Seattle Air CBP","New Zealand","Mokara","OK Inspected"
"2021-03-29","TX Brownsville CBP","Israel","Actinidia","CFRP Not Inspected"
"2021-03-30","AZ Phoenix CBP","New Zealand","Gerbera","CFRP Not Inspected"
"2021-03-30","NY JFK CBP","Tanzania","Protea","OK Inspected"
"2021-03-31","VA Dulles CBP","New Zealand","Liatris","OK Inspected"
"2021-04-01","WA Seattle Air CBP","New Zealand","Gerbera","OK CFRP Inspected"
"2021-04-01","FL Miami Air CBP","India","Anemone","OK Inspected"
"2021-04-02","WA Blaine CBP","Tanzania","Liatris","OK Inspected"
"2021-04-03","FL Miami Air CBP","India","Protea","OK Inspected"
"2021-04-03","CA San Francisco CBP","Netherlands","Gerbera","CFRP Not Inspected"
"2021-04-04","HI Honolulu CBP","Japan","Agapanthus","OK Inspected"
"2021-04-05","NY JFK CBP","Netherlands","Protea","OK Inspected"
"2021-04-05","TX Brownsville CBP","Mexico","Actinidia","CFRP Not Inspected"
"2021-04-06","NY JFK CBP","Japan","Actinidia","CFRP Not Inspected"
"2021-04-07","HI Honolulu CBP","Japan","Actinidia","OK CFRP Inspected"
"2021-04-07","NY JFK CBP","Tanzania","Actinidia","OK CFRP Inspected"
"2021-04-08","TX Brownsville CBP","Mexico","Mokara","OK Inspected"
"2021-04-09","CA San Francisco CBP","India","Anemone","OK Inspected"
"2021-04-09","VA Dulles CBP","Netherlands","Mokara","OK Inspected"
"2021-04-10","AZ Phoenix CBP","India","Anemone","OK Inspected"
"2021-04-11","AZ Phoenix CBP","Mexico","Rosa","CFRP Not Inspected"
"2021-04-11","TX Brownsville CBP","Israel","Rosa","CFRP Not Inspected"
"2021-04-12","WA Seattle Air CBP","India","Rosa","CFRP Not Inspected"
"2021-04-13","WA Seattle Air CBP","Tanzania","Mokara","OK Inspected"
"2021-04-13","AZ Phoenix CBP","India","Hyacinthus","CFRP Not Inspected"
"2021-04-14","AZ Phoenix CBP","Israel","Mokara","OK Inspected"
"2021-04-15","NY JFK CBP","Netherlands","Mokara","OK Inspected"
"2021-04-15","WA Seattle Air CBP","Tanzania","Anemone","OK Inspected"
"2021-04-16","CA San Francisco CBP","New Zealand","Actinidia","CFRP Not Inspected"
"2021-04-17","WA Blaine CBP","New Zealand","Liatris","OK Inspected"
"2021-04-17","FL Miami Air CBP","Tanzania","Rosa","CFRP Not Inspected"
"2021-04-18","CA San Francisco CBP","Japan","Anemone","OK Inspected"
"2021-04-19","TX Brownsville CBP","Israel","Mokara","OK Inspected"
"2021-04-19","NY JFK CBP","Tanzania","Liatris","OK Inspected"
"2021-04-20","AZ Phoenix CBP","Tanzania","Mokara","OK Inspected"
"2021-04-21","TX Brownsville CBP","New Zealand","Actinidia","CFRP Not Inspected"
"2021-04-21","CA San Francisco CBP","Mexico","Aegilops","OK Inspected"
"2021-04-22","FL Miami Air CBP","Israel","Actinidia","CFRP Not Inspected"
"2021-04-23","AZ Phoenix CBP","Netherlands","Aegilops","OK Inspected"
"2021-04-23","FL Miami Air CBP","Netherlands","Anemone","OK Inspected"
"2021-04-24","WA Blaine CBP","Tanzania","Actinidia","CFRP Not Inspected"
"2021-04-25","TX Brownsville CBP","Japan","Protea","OK Inspected"
"2021-04-25","CA San Francisco CBP","Japan","Aegilops","OK Inspected"
"2021-04-26","AZ Phoenix CBP","New Zealand","Protea","OK Inspected"
"2021-04-27","HI Honolulu CBP","New Zealand","Mokara","OK Inspected"
"2021-04-27","NY JFK CBP","Tanzania","Mokara","OK Inspected"
"2021-04-28","WA Seattle Air CBP","India","Agapanthus","OK Inspected"
"2021-04-29","FL Miami Air CBP","Mexico","Protea","OK Inspected"
"2021-04-29","FL Miami Air CBP","Japan","Rosa","CFRP Not Inspected"
"2021-04-30","WA Seattle Air CBP","India","Aegilops","OK Inspected"
"2021-05-01","NY JFK CBP","Israel","Rosa","CFRP Not Inspected"
"2021-05-01","WA Seattle Air CBP","Mexico","Actinidia","CFRP Not Inspected"
"2021-05-02","TX Brownsville CBP","India","Hyacinthus","CFRP Not Inspected"
"2021-05-03","WA Blaine CBP","Netherlands","Agapanthus","OK Inspected"
"2021-05-03","VA Dulles CBP","Mexico","Protea","OK Inspected"
"2021-05-04","VA Dulles CBP","Japan","Rosa","CFRP Not Inspected"
"2021-05-05","WA Seattle Air CBP","Israel","Mokara","OK Inspected"
"2021-05-05","WA Seattle Air CBP","New Zealand","Aegilops","OK Inspected"
"2021-05-06","VA Dulles CBP","Japan","Mokara","OK Inspected"
"2021-05-07","VA Dulles CBP","Israel","Gerbera","CFRP Not Inspected"
"2021-05-07","WA Seattle Air CBP","Netherlands","Rosa","CFRP Not Inspected"
"2021-05-08","NY JFK CBP","New Zealand","Anemone","OK Inspected"
"2021-05-09","WA Seattle Air CBP","Japan","Anemone","OK Inspected"
"2021-05-09","WA Blaine CBP","Israel","Rosa","CFRP Not Inspected"
"2021-05-10","FL Miami Air CBP","Mexico","Actinidia","CFRP Not Inspected"
"2021-05-11","WA Seattle Air CBP","Netherlands","Agapanthus","OK Inspected"
"2021-05-11","VA Dulles CBP","Tanzania","Protea","OK Inspected"
"2021-05-12","VA Dulles CBP","Japan","Hyacinthus","OK CFRP Inspected"
"2021-05-13","WA Blaine CBP","Mexico","Protea","OK Inspected"
"2021-05-13","TX Brownsville CBP","New Zealand","Mokara","OK Inspected"
"2021-05-14","CA San Francisco CBP","Tanzania","Liatris","OK Inspected"
"2021-05-15","CA San Francisco CBP","Tanzania","Actinidia","OK CFRP Inspected"
"2021-05-15","AZ Phoenix CBP","Tanzania","Protea","OK Inspected"
"2021-05-16","WA Seattle Air CBP","Japan","Protea","OK Inspected"
"2021-05-17","CA San Francisco CBP","New Zealand","Gerbera","OK CFRP Inspected"
"2021-05-17","VA Dulles CBP","India","Protea","OK Inspected"
"2021-05-18","CA San Francisco CBP","Japan","Rosa","OK CFRP Inspected"
"2021-05-19","AZ Phoenix CBP","India","Rosa","CFRP Not Inspected"
"2021-05-19","VA Dulles CBP","Netherlands","Actinidia","OK CFRP Inspected"
"2021-05-20","VA Dulles CBP","Netherlands","Aegilops","OK Inspected"
"2021-05-21","TX Brownsville CBP","Israel","Protea","OK Inspected"
"2021-05-21","TX Brownsville CBP","India","Actinidia","CFRP Not Inspected"
"2021-05-22","WA Seattle Air CBP","Mexico","Mokara","OK Inspected"
"2021-05-23","WA Seattle Air CBP","India","Hyacinthus","CFRP Not Inspected"
"2021-05-23","CA San Francisco CBP","Israel","Anemone","OK Inspected"
"2021-05-24","WA Blaine CBP","Mexico","Gerbera","CFRP Not Inspected"
"2021-05-25","CA San Francisco CBP","Israel","Agapanthus","OK Inspected"
"2021-05-25","HI Honolulu CBP","Tanzania","Mokara","OK Inspected"
"2021-05-26","HI Honolulu CBP","India","Aegilops","OK Inspected"
"2021-05-27","FL Miami Air CBP","Israel","Actinidia","OK CFRP Inspected"
"2021-05-27","CA San Francisco CBP","Netherlands","Aegilops","Pest Found"
"2021-05-28","WA Seattle Air CBP","Tanzania","Actinidia","CFRP Not Inspected"
"2021-05-29","AZ Phoenix CBP","Japan","Gerbera","OK CFRP Inspected"
"2021-05-29","HI Honolulu CBP","Japan","Agapanthus","OK Inspected"
"2021-05-30","NY JFK CBP","Mexico","Hyacinthus","CFRP Not Inspected"
"2021-05-31","AZ Phoenix CBP","Israel","Gerbera","CFRP Not Inspected"
"2021-05-31","WA Blaine CBP","Netherlands","Actinidia","OK CFRP Inspected"
"2021-06-01","NY JFK CBP","Tanzania","Gerbera","OK CFRP Inspected"
"2021-06-02","AZ Phoenix CBP","New Zealand","Actinidia","CFRP Not Inspected"
"2021-06-02","WA Seattle Air CBP","Mexico","Actinidia","CFRP Not Inspected"
"2021-06-03","TX Brownsville CBP","New Zealand","Rosa","CFRP Not Inspected"
"2021-06-04","CA San Francisco CBP","Netherlands","Rosa","CFRP Not Inspected"
"2021-06-04","WA Blaine CBP","Mexico","Mokara","OK Inspected"
"2021-06-05","TX Brownsville CBP","Japan","Agapanthus","OK Inspected"
"2021-06-06","HI Honolulu CBP","Japan","Actinidia","CFRP Not Inspected"
"2021-06-06","WA Blaine CBP","Netherlands","Gerbera","CFRP Not Inspected"
"2021-06-07","TX Brownsville CBP","Mexico","Actinidia","OK CFRP Inspected"
"2021-06-08","CA San Francisco CBP","Tanzania","Actinidia","CFRP Not Inspected"
"2021-06-08","HI Honolulu CBP","Israel","Gerbera","CFRP Not Inspected"
"2021-06-09","CA San Francisco CBP","Israel","Gerbera","OK CFRP Inspected"
"2021-06-10","NY JFK CBP","Japan","Rosa","OK CFRP Inspected"
"2021-06-10","AZ Phoenix CBP","Mexico","Actinidia","CFRP Not Inspected"
"2021-06-11","HI Honolulu CBP","India","Agapanthus","OK Inspected"
"2021-06-12","CA San Francisco CBP","Netherlands","Rosa","CFRP Not Inspected"
"2021-06-12","WA Blaine CBP","India","Rosa","CFRP Not Inspected"
"2021-06-13","VA Dulles CBP","New Zealand","Gerbera","OK CFRP Inspected"
"2021-06-14","CA San Francisco CBP","India","Protea","OK Inspected"
"2021-06-14","CA San Francisco CBP","Israel","Rosa","OK CFRP Inspected"
"2021-06-15","WA Blaine CBP","Netherlands","Actinidia","OK CFRP Inspected"
"2021-06-16","AZ Phoenix CBP","India","Aegilops","OK Inspected"
"2021-06-16","FL Miami Air CBP","Japan","Mokara","OK Inspected"
"2021-06-17","WA Seattle Air CBP","Israel","Actinidia","CFRP Not Inspected"
"2021-06-18","AZ Phoenix CBP","Mexico","Liatris","OK Inspected"
"2021-06-18","AZ Phoenix CBP","Tanzania","Liatris","OK Inspected"
"2021-06-19","VA Dulles CBP","India","Agapanthus","OK Inspected"
"2021-06-20","CA San Francisco CBP","Netherlands","Liatris","OK Inspected"
"2021-06-20","FL Miami Air CBP","Israel","Agapanthus","OK Inspected"
"2021-06-21","WA Blaine CBP","Tanzania","Aegilops","OK Inspected"
"2021-06-22","WA Blaine CBP","Israel","Rosa","OK CFRP Inspected"
"2021-06-22","VA Dulles CBP","Mexico","Aegilops","OK Inspected"
"2021-06-23","NY JFK CBP","New Zealand","Gerbera","CFRP Not Inspected"
"2021-06-24","VA Dulles CBP","Japan","Gerbera","CFRP Not Inspected"
"2021-06-24","FL Miami Air CBP","Japan","Protea","OK Inspected"
"2021-06-25","VA Dulles CBP","Israel","Liatris","OK Inspected"
"2021-06-26","VA Dulles CBP","India","Hyacinthus","CFRP Not Inspected"
"2021-06-26","WA Blaine CBP","India","Protea","OK Inspected"
"2021-06-27","HI Honolulu CBP","India","Mokara","OK Inspected"
"2021-06-28","WA Blaine CBP","New Zealand","Liatris","OK Inspected"
"2021-06-28","CA San Francisco CBP","Israel","Anemone","OK Inspected"
"2021-06-29","WA Seattle Air CBP","New Zealand","Actinidia","CFRP Not Inspected"
"2021-06-30","VA Dulles CBP","New Zealand","Mokara","OK Inspected"
"2021-06-30","NY JFK CBP","Netherlands","Gerbera","CFRP Not Inspected"
"2021-07-01","WA Seattle Air CBP","Mexico","Agapanthus","OK Inspected"
"2021-07-02","CA San Francisco CBP","India","Agapanthus","OK Inspected"
"2021-07-02","HI Honolulu CBP","Japan","Mokara","OK Inspected"
"2021-07-03","AZ Phoenix CBP","Netherlands","Mokara","OK Inspected"
"2021-07-04","NY JFK CBP","Japan","Aegilops","OK Inspected"
"2021-07-04","AZ Phoenix CBP","Netherlands","Aegilops","OK Inspected"
"2021-07-05","VA Dulles CBP","Japan","Protea","OK Inspected"
"2021-07-06","CA San Francisco CBP","India","Gerbera","CFRP Not Inspected"
"2021-07-06","FL Miami Air CBP","Japan","Actinidia","CFRP Not Inspected"
"2021-07-07","NY JFK CBP","Mexico","Gerbera","CFRP Not Inspected"
"2021-07-08","NY JFK CBP","Israel","Liatris","OK Inspected"
"2021-07-08","HI Honolulu CBP","Japan","Anemone","OK Inspected"
"2021-07-09","VA Dulles CBP","Israel","Mokara","OK Inspected"
"2021-07-10","NY JFK CBP","New Zealand","Anemone","OK Inspected"
"2021-07-10","WA Seattle Air CBP","New Zealand","Anemone","OK Inspected"
"2021-07-11","FL Miami Air CBP","Tanzania","Hyacinthus","CFRP Not Inspected"
"2021-07-12","CA San Francisco CBP","Israel","Actinidia","CFRP Not Inspected"
"2021-07-12","HI Honolulu CBP","Japan","Protea","OK Inspected"
"2021-07-13","AZ Phoenix CBP","India","Anemone","OK Inspected"
"2021-07-14","HI Honolulu CBP","India","Liatris","OK Inspected"
"2021-07-14","CA San Francisco CBP","Israel","Actinidia","CFRP Not Inspected"
"2021-07-15","TX Brownsville CBP","Japan","Agapanthus","OK Inspected"
"2021-07-16","FL Miami Air CBP","Mexico","Agapanthus","OK Inspected"
"2021-07-16","HI Honolulu CBP","Japan","Protea","OK Inspected"
"2021-07-17","HI Honolulu CBP","New Zealand","Agapanthus","OK Inspected"
"2021-07-18","WA Blaine CBP","New Zealand","Anemone","OK Inspected"
"2021-07-18","TX Brownsville CBP","Japan","Actinidia","CFRP Not Inspected"
"2021-07-19","WA Seattle Air CBP","Tanzania","Liatris","OK Inspected"
"2021-07-20","CA San Francisco CBP","New Zealand","Anemone","OK Inspected"
"2021-07-20","WA Seattle Air CBP","New Zealand","Mokara","OK Inspected"
"2021-07-21","WA Blaine CBP","New Zealand","Hyacinthus","CFRP Not Inspected"
"2021-07-22","FL Miami Air CBP","New Zealand","Rosa","OK CFRP Inspected"
"2021-07-22","NY JFK CBP","Mexico","Protea","OK Inspected"
"2021-07-23","FL Miami Air CBP","Japan","Agapanthus","OK Inspected"
"2021-07-24","WA Seattle Air CBP","Tanzania","Hyacinthus","OK CFRP Inspected"
"2021-07-24","CA San Francisco CBP","Israel","Gerbera","CFRP Not Inspected"
"2021-07-25","AZ Phoenix CBP","Tanzania","Mokara","OK Inspected"
"2021-07-26","AZ Phoenix CBP","New Zealand","Actinidia","CFRP Not Inspected"
"2021-07-26","NY JFK CBP","Israel","Anemone","OK Inspected"
"2021-07-27","FL Miami Air CBP","India","Anemone","OK Inspected"
"2021-07-28","NY JFK CBP","India","Rosa","CFRP Not Inspected"
"2021-07-28","AZ Phoenix CBP","Japan","Hyacinthus","OK CFRP Inspected"
"2021-07-29","FL Miami Air CBP","Netherlands","Liatris","OK Inspected"
"2021-07-30","TX Brownsville CBP","Japan","Aegilops","OK Inspected"
"2021-07-30","HI Honolulu CBP","Netherlands","Mokara","OK Inspected"
"2021-07-31","VA Dulles CBP","Israel","Aegilops","OK Inspected"
"2021-08-01","WA Blaine CBP","Netherlands","Anemone","OK Inspected"
"2021-08-01","AZ Phoenix CBP","Tanzania","Anemone","OK Inspected"
"2021-08-02","HI Honolulu CBP","Japan","Aegilops","OK Inspected"
"2021-08-03","AZ Phoenix CBP","India","Hyacinthus","CFRP Not Inspected"
"2021-08-03","WA Seattle Air CBP","Mexico","Liatris","OK Inspected"
"2021-08-04","HI Honolulu CBP","Israel","Mokara","OK Inspected"
"2021-08-05","AZ Phoenix CBP","Mexico","Aegilops","OK Inspected"
"2021-08-05","AZ Phoenix CBP","Tanzania","Mokara","OK Inspected"
"2021-08-06","FL Miami Air CBP","Tanzania","Liatris","OK Inspected"
"2021-08-07","HI Honolulu CBP","Israel","Protea","OK Inspected"
"2021-08-07","WA Seattle Air CBP","Mexico","Hyacinthus","CFRP Not Inspected"
"2021-08-08","TX Brownsville CBP","New Zealand","Mokara","OK Inspected"
"2021-08-09","WA Seattle Air CBP","Japan","Aegilops","OK Inspected"
"2021-08-09","FL Miami Air CBP","Mexico","Hyacinthus","CFRP Not Inspected"
"2021-08-10","CA San Francisco CBP","Mexico","Anemone","OK Inspected"
"2021-08-11","AZ Phoenix CBP","Japan","Anemone","OK Inspected"
"2021-08-11","WA Blaine CBP","Japan","Aegilops","OK Inspected"
"2021-08-12","TX Brownsville CBP","New Zealand","Liatris","OK Inspected"
"2021-08-13","NY JFK CBP","Japan","Hyacinthus","CFRP Not Inspected"
"2021-08-13","VA Dulles CBP","Tanzania","Hyacinthus","CFRP Not Inspected"
"2021-08-14","AZ Phoenix CBP","Tanzania","Mokara","OK Inspected"
"2021-08-15","FL Miami Air CBP","Mexico","Rosa","CFRP Not Inspected"
"2021-08-15","CA San Francisco CBP","Tanzania","Gerbera","CFRP Not Inspected"
"2021-08-16","FL Miami Air CBP","India","Protea","OK Inspected"
"2021-08-17","WA Blaine CBP","Japan","Hyacinthus","CFRP Not Inspected"
"2021-08-17","FL Miami Air CBP","India","Liatris","OK Inspected"
"2021-08-18","AZ Phoenix CBP","Israel","Agapanthus","OK Inspected"
"2021-08-19","VA Dulles CBP","Mexico","Aegilops","OK Inspected"
"2021-08-19","TX Brownsville CBP","Israel","Mokara","OK Inspected"
"2021-08-20","NY JFK CBP","New Zealand","Aegilops","OK Inspected"
"2021-08-21","TX Brownsville CBP","Japan","Rosa","CFRP Not Inspected"
"2021-08-21","TX Brownsville CBP","Mexico","Gerbera","OK CFRP Inspected"
"2021-08-22","VA Dulles CBP","Japan","Mokara","OK Inspected"
"2021-08-23","CA San Francisco CBP","Israel","Liatris","OK Inspected"
"2021-08-23","AZ Phoenix CBP","India","Liatris","OK Inspected"
"2021-08-24","VA Dulles CBP","Israel","Liatris","OK Inspected"
"2021-08-25","WA Blaine CBP","Mexico","Hyacinthus","CFRP Not Inspected"
"2021-08-25","HI Honolulu CBP","Israel","Anemone","OK Inspected"
"2021-08-26","TX Brownsville CBP","Japan","Protea","OK Inspected"
"2021-08-27","VA Dulles CBP","Tanzania","Actinidia","OK CFRP Inspected"
"2021-08-27","VA Dulles CBP","Israel","Gerbera","CFRP Not Inspected"
"2021-08-28","AZ Phoenix CBP","India","Protea","OK Inspected"
"2021-08-29","TX Brownsville CBP","Tanzania","Actinidia","CFRP Not Inspected"
"2021-08-29","VA Dulles CBP","Japan","Mokara","OK Inspected"
"2021-08-30","WA Blaine CBP","India","Anemone","OK Inspected"
"2021-08-31","VA Dulles CBP","Netherlands","Gerbera","CFRP Not Inspected"
"2021-08-31","WA Blaine CBP","Tanzania","Rosa","CFRP Not Inspected"
"2021-09-01","AZ Phoenix CBP","New Zealand","Actinidia","CFRP Not Inspected"
"2021-09-02","HI Honolulu CBP","India","Hyacinthus","CFRP Not Inspected"
"2021-09-02","FL Miami Air CBP","New Zealand","Actinidia","CFRP Not Inspected"
"2021-09-03","HI Honolulu CBP","Tanzania","Actinidia","OK CFRP Inspected"
"2021-09-04","TX Brownsville CBP","Israel","Liatris","Pest Found"
"2021-09-04","HI Honolulu CBP","Mexico","Liatris","OK Inspected"
"2021-09-05","WA Blaine CBP","New Zealand","Agapanthus","OK Inspected"
"2021-09-06","WA Seattle Air CBP","Mexico","Liatris","OK Inspected"
"2021-09-06","WA Blaine CBP","Tanzania","Mokara","OK Inspected"
"2021-09-07","WA Seattle Air CBP","Tanzania","Protea","OK Inspected"
"2021-09-08","FL Miami Air CBP","Israel","Mokara","OK Inspected"
"2021-09-08","AZ Phoenix CBP","Netherlands","Mokara","OK Inspected"
"2021-09-09","WA Seattle Air CBP","Tanzania","Protea","OK Inspected"
"2021-09-10","VA Dulles CBP","Netherlands","Hyacinthus","CFRP Not Inspected"
"2021-09-10","WA Blaine CBP","Israel","Protea","OK Inspected"
"2021-09-11","HI Honolulu CBP","Netherlands","Hyacinthus","CFRP Not Inspected"
"2021-09-12","VA Dulles CBP","Tanzania","Actinidia","CFRP Not Inspected"
"2021-09-12","HI Honolulu CBP","Israel","Agapanthus","OK Inspected"
"2021-09-13","TX Brownsville CBP","Israel","Agapanthus","OK Inspected"
"2021-09-14","AZ Phoenix CBP","India","Hyacinthus","CFRP Not Inspected"
"2021-09-14","VA Dulles CBP","Japan","Rosa","OK CFRP Inspected"
"2021-09-15","WA Blaine CBP","Mexico","Agapanthus","OK Inspected"
"2021-09-16","AZ Phoenix CBP","Tanzania","Liatris","OK Inspected"
"2021-09-16","CA San Francisco CBP","Netherlands","Anemone","OK Inspected"
"2021-09-17","AZ Phoenix CBP","New Zealand","Rosa","CFRP Not Inspected"
"2021-09-18","FL Miami Air CBP","New Zealand","Hyacinthus","CFRP Not Inspected"
"2021-09-18","AZ Phoenix CBP","New Zealand","Anemone","OK Inspected"
"2021-09-19","FL Miami Air CBP","Netherlands","Agapanthus","OK Inspected"
"2021-09-20","TX Brownsville CBP","Japan","Anemone","OK Inspected"
"2021-09-20","NY JFK CBP","India","Aegilops","OK Inspected"
"2021-09-21","TX Brownsville CBP","Israel","Protea","OK Inspected"
"2021-09-22","VA Dulles CBP","Tanzania","Protea","OK Inspected"
"2021-09-22","HI Honolulu CBP","New Zealand","Rosa","OK CFRP Inspected"
"2021-09-23","AZ Phoenix CBP","Netherlands","Liatris","OK Inspected"
"2021-09-24","FL Miami Air CBP","Israel","Mokara","OK Inspected"
"2021-09-24","VA Dulles CBP","Israel","Mokara","OK Inspected"
"2021-09-25","VA Dulles CBP","Netherlands","Actinidia","CFRP Not Inspected"
"2021-09-26","TX Brownsville CBP","India","Rosa","OK CFRP Inspected"
"2021-09-26","CA San Francisco CBP","India","Aegilops","OK Inspected"
"2021-09-27","NY JFK CBP","Mexico","Agapanthus","OK Inspected"
"2021-09-28","AZ Phoenix CBP","India","Rosa","CFRP Not Inspected"
"2021-09-28","CA San Francisco CBP","Netherlands","Mokara","OK Inspected"
"2021-09-29","WA Blaine CBP","New Zealand","Aegilops","OK Inspected"
"2021-09-30","WA Blaine CBP","Israel","Anemone","OK Inspected"
"2021-09-30","AZ Phoenix CBP","Japan","Rosa","OK CFRP Inspected"
"2021-10-01","WA Seattle Air CBP","India","Protea","OK Inspected"
"2021-10-02","CA San Francisco CBP","New Zealand","Protea","OK Inspected"
"2021-10-02","VA Dulles CBP","New Zealand","Gerbera","CFRP Not Inspected"
"2021-10-03","CA San Francisco CBP","Mexico","Rosa","CFRP Not Inspected"
"2021-10-04","WA Seattle Air CBP","Tanzania","Gerbera","CFRP Not Inspected"
"2021-10-04","NY JFK CBP","Netherlands","Aegilops","OK Inspected"
"2021-10-05","CA San Francisco CBP","Tanzania","Protea","OK Inspected"
"2021-10-06","HI Honolulu CBP","Tanzania","Liatris","OK Inspected"
"2021-10-06","VA Dulles CBP","India","Agapanthus","OK Inspected"
"2021-10-07","WA Seattle Air CBP","Israel","Liatris","OK Inspected"
"2021-10-08","NY JFK CBP","New Zealand","Hyacinthus","OK CFRP Inspected"
"2021-10-08","AZ Phoenix CBP","Japan","Hyacinthus","OK CFRP Inspected"
"2021-10-09","WA Blaine CBP","Israel","Rosa","CFRP Not Inspected"
"2021-10-10","WA Blaine CBP","Tanzania","Gerbera","CFRP Not Inspected"
"2021-10-10","NY JFK CBP","India","Mokara","OK Inspected"
"2021-10-11","HI Honolulu CBP","Mexico","Mokara","Pest Found"
"2021-10-12","WA Blaine CBP","Tanzania","Agapanthus","OK Inspected"
"2021-10-12","VA Dulles CBP","Netherlands","Hyacinthus","Pest Found CFRP Inspected"
"2021-10-13","AZ Phoenix CBP","India","Liatris","OK Inspected"
"2021-10-14","VA Dulles CBP","Israel","Mokara","OK Inspected"
"2021-10-14","WA Seattle Air CBP","Mexico","Mokara","OK Inspected"
"2021-10-15","AZ Phoenix CBP","Israel","Aegilops","OK Inspected"
"2021-10-16","NY JFK CBP","Tanzania","Hyacinthus","OK CFRP Inspected"
"2021-10-16","WA Seattle Air CBP","Japan","Hyacinthus","OK CFRP Inspected"
"2021-10-17","FL Miami Air CBP","New Zealand","Aegilops","OK Inspected"
"2021-10-18","HI Honolulu CBP","Israel","Aegilops","OK Inspected"
"2021-10-18","VA Dulles CBP","Israel","Rosa","OK CFRP Inspected"
"2021-10-19","VA Dulles CBP","Tanzania","Aegilops","OK Inspected"
"2021-10-20","AZ Phoenix CBP","Israel","Mokara","OK Inspected"
"2021-10-20","TX Brownsville CBP","Tanzania","Protea","OK Inspected"
"2021-10-21","TX Brownsville CBP","Israel","Aegilops","OK Inspected"
"2021-10-22","NY JFK CBP","New Zealand","Gerbera","CFRP Not Inspected"
"2021-10-22","WA Blaine CBP","Netherlands","Protea","OK Inspected"
"2021-10-23","FL Miami Air CBP","New Zealand","Protea","OK Inspected"
"2021-10-24","VA Dulles CBP","Israel","Hyacinthus","OK CFRP Inspected"
"2021-10-24","CA San Francisco CBP","Mexico","Rosa","CFRP Not Inspected"
"2021-10-25","WA Seattle Air CBP","Mexico","Protea","OK Inspected"
"2021-10-26","TX Brownsville CBP","Israel","Gerbera","CFRP Not Inspected"
"2021-10-26","NY JFK CBP","Japan","Gerbera","CFRP Not Inspected"
"2021-10-27","AZ Phoenix CBP","New Zealand","Liatris","OK Inspected"
"2021-10-28","VA Dulles CBP","Israel","Mokara","OK Inspected"
"2021-10-28","TX Brownsville CBP","Israel","Agapanthus","OK Inspected"
"2021-10-29","FL Miami Air CBP","India","Hyacinthus","CFRP Not Inspected"
